Model,FP32 (KB),INT8 (KB),7-bit (KB),6-bit (KB),5-bit (KB),4-bit (KB),3-bit (KB),2-bit (KB),1-bit (KB)
ResNet18,30,7.5,6.5625,5.625,4.6875,3.75,2.8125,1.875,0.9375
ResNet34,59,14.75,12.90625,11.0625,9.21875,7.375,5.53125,3.6875,1.84375
ResNet50,236,59,51.625,44.25,36.875,29.5,22.125,14.75,7.375
ResNet101,508,127,111.125,95.25,79.375,63.5,47.625,31.75,15.875
ResNet152,748,187,163.625,140.25,116.875,93.5,70.125,46.75,23.375
