Model,FP32 (MB),INT8 (MB),7-bit (MB),6-bit (MB),5-bit (MB),4-bit (MB),3-bit (MB),2-bit (MB),1-bit (MB)
ResNet18,40.41088867,10.10272217,8.839881897,7.577041626,6.314201355,5.051361084,3.788520813,2.525680542,1.262840271
ResNet34,76.70776367,19.17694092,16.7798233,14.38270569,11.98558807,9.588470459,7.191352844,4.794235229,2.397117615
ResNet50,78.91088867,19.72772217,17.2617569,14.79579163,12.32982635,9.863861084,7.397895813,4.931930542,2.465965271
ResNet101,148.9577637,37.23944092,32.5845108,27.92958069,23.27465057,18.61972046,13.96479034,9.309860229,4.654930115
ResNet150,208.4577637,52.11444092,45.6001358,39.08583069,32.57152557,26.05722046,19.54291534,13.02861023,6.514305115
